,pause_adjustment_coef_records,initial_pause_duration_records
0,0.0,0.0
1,0.05,0.0
2,0.1,0.0
3,0.15000000000000002,0.0
4,0.2,0.0
5,0.0,0.5
6,0.05,0.5
7,0.1,0.5
8,0.15000000000000002,0.5
9,0.2,0.5
10,0.0,1.0
11,0.05,1.0
12,0.1,1.0
13,0.15000000000000002,1.0
14,0.2,1.0
15,0.0,1.5
16,0.05,1.5
17,0.1,1.5
18,0.15000000000000002,1.5
19,0.2,1.5
20,0.0,2.0
21,0.05,2.0
22,0.1,2.0
23,0.15000000000000002,2.0
24,0.2,2.0
