,initial_pause_duration_records,pause_adjustment_coef_records
0,0.0,0.0
1,0.0,0.05
2,0.0,0.1
3,0.0,0.15000000000000002
4,0.0,0.2
5,0.5,0.0
6,0.5,0.05
7,0.5,0.1
8,0.5,0.15000000000000002
9,0.5,0.2
10,1.0,0.0
11,1.0,0.05
12,1.0,0.1
13,1.0,0.15000000000000002
14,1.0,0.2
15,1.5,0.0
16,1.5,0.05
17,1.5,0.1
18,1.5,0.15000000000000002
19,1.5,0.2
20,2.0,0.0
21,2.0,0.05
22,2.0,0.1
23,2.0,0.15000000000000002
24,2.0,0.2
